FECHA,IVA
2020-01-01,78.4
2020-01-01,31.2
2020-01-01,699.48
2020-01-01,25.52
2020-01-01,76.8
2020-01-01,400.0
2020-01-01,14.15
2020-01-01,855.16
2020-01-01,824.35
2020-01-01,0.0
2020-01-01,0.0
2020-01-01,0.0
2020-01-01,124.37
2020-01-01,146.57
2020-01-01,124.37
2020-01-01,124.37
2020-01-01,396.0
2020-01-01,40.96
2020-01-01,45.12
2020-01-01,476.55
2020-01-01,80.0
2020-01-01,672.0
2020-01-01,0.0
2020-01-01,56.0
2020-01-01,28.44
2020-01-01,8.27
2020-01-01,561.6
2020-01-01,96.0
2020-01-01,82.66
2020-01-01,23.88
2020-01-01,38.57
2020-01-01,224.0
2020-01-01,484.12
2020-01-01,57.6
2020-01-01,182.26
2020-01-01,175.44
2020-01-01,320.0
2020-01-01,269.92
2020-01-01,32.35
2020-01-01,13.66
2020-01-01,15.5
2020-01-01,685.87
2020-01-01,328.16
2020-01-01,300.16
2020-01-01,300.16
2020-01-01,144.0
2020-01-01,0.0
2020-01-01,56.16
2020-01-01,134.07
2020-01-01,50.12
2020-01-01,444.0
2020-01-01,136.8
2020-01-01,52.2
2020-01-01,312.8
2020-01-01,112.39
2020-01-01,0.0
2020-01-01,136.8
2020-01-01,403.84
2020-01-01,13.72
2020-01-01,444.72
2020-01-01,16.97
2020-01-01,576.0
2020-01-01,640.0
2020-01-01,168.0
2020-01-01,24.58
2020-01-01,15.22
2020-01-01,48.48
2020-01-01,0.0
2020-01-01,0.0
2020-01-01,0.0
2020-01-01,0.0
2020-01-01,444.68
2020-01-01,48.0
2020-01-01,0.0
2020-01-01,13.42
2020-01-01,72.0
2020-01-01,42.62
2020-01-01,411.6
2020-01-01,130.13
2020-01-01,11.7
2020-01-01,79.2
2020-01-01,-96.0
2020-01-01,368.0
2020-01-01,36.52
2020-01-01,46.36
2020-01-01,282.24
2020-01-01,852.69
2020-01-01,62.09
2020-01-01,52.06
2020-01-01,0.0
2020-01-01,192.67
2020-01-01,175.41
2020-01-01,121.42
2020-01-01,195.71
2020-01-01,48.0
2020-01-01,211.2
2020-01-01,496.0
2020-01-01,50.34
2020-01-01,55.16
2020-01-01,116.84
2020-01-01,0.0
2020-01-01,23.17
2020-01-01,80.89
2020-01-01,67.4
2020-01-01,13.44
2020-01-01,13.44
2020-01-01,38.3
2020-01-01,522.88
2020-01-01,583.68
2020-01-01,419.93
2020-01-01,296.8
2020-01-01,985.6
2020-01-01,408.0
2020-01-01,25.6
2020-01-01,109.44
2020-01-01,109.44
2020-01-01,15.56
2020-01-01,4.44
2020-01-01,313.62
2020-01-01,311.52
2020-01-01,1005.84
2020-01-01,235.92
2020-01-01,275.53
2020-01-01,919.63
2020-01-01,784.0
2020-01-01,326.58
2020-01-01,12.14
2020-01-01,72.96
2020-01-01,0.0
2020-01-01,0.0
2020-01-01,7.47
2020-01-01,546.57
2020-01-01,26.98
2020-01-01,25.76
2020-01-01,825.12
2020-01-01,360.0
2020-01-01,62.09
2020-01-01,0.0
2020-01-01,212.98
2020-01-01,161.47
2020-01-01,356.32
2020-01-01,60.0
2020-01-01,13.78
2020-01-01,101.22
2020-01-01,362.88
2020-01-01,0.0
2020-01-01,163.2
2020-01-01,136.8
2020-01-01,73.46
2020-01-01,496.0
2020-01-01,3.03
2020-01-01,3.03
2020-01-01,22.89
2020-01-01,42.12
2020-01-01,489.6
2020-01-01,0.0
2020-01-01,44.68
2020-01-01,153.6
2020-01-01,7.27
2020-01-01,208.0
2020-01-01,4.0
2020-01-01,13.49
2020-01-01,68.16
2020-01-01,132.23
2020-01-01,13.31
2020-01-01,326.27
2020-01-01,207.04
2020-01-01,0.0
2020-01-01,279.22
2020-01-01,372.29
2020-01-01,27.59
2020-01-01,557.66
2020-01-01,548.59
2020-01-01,26.76
2020-01-01,286.82
2020-01-01,17.36
2020-01-01,256.0
2020-01-01,22.34
2020-01-01,66.06
2020-01-01,268.2
2020-01-01,111.76
2020-01-01,141.31
2020-01-01,38.94
2020-01-01,129.28
2020-01-01,70.54
2020-01-01,176.0
2020-01-01,955.22
2020-01-01,0.0
2020-01-01,137.93
2020-01-01,16.8
2020-01-01,800.0
2020-01-01,335.22
2020-01-01,24.59
2020-01-01,1059.99
2020-01-01,4.54
2020-01-01,171.2
2020-01-01,48.0
2020-01-01,0.0
2020-01-01,80.89
2020-01-01,6.06
2020-01-01,393.12
2020-01-01,134.96
2020-01-01,33.12
2020-01-01,18.0
2020-01-01,0.0
2020-02-01,78.4
2020-02-01,31.2
2020-02-01,157.74
2020-02-01,-214.99
2020-02-01,-34.4
2020-02-01,855.16
2020-02-01,824.35
2020-02-01,587.28
2020-02-01,469.2
2020-02-01,21.1
2020-02-01,676.18
2020-02-01,544.31
2020-02-01,116.07
2020-02-01,411.18
2020-02-01,109.25
2020-02-01,672.0
2020-02-01,329.62
2020-02-01,93.6
2020-02-01,200.0
2020-02-01,65.6
2020-02-01,1033.44
2020-02-01,304.64
2020-02-01,65.6
2020-02-01,168.0
2020-02-01,545.17
2020-02-01,73.12
2020-02-01,11.18
2020-02-01,15.94
2020-02-01,108.97
2020-02-01,107.59
2020-02-01,257.41
2020-02-01,22.4
2020-02-01,287.04
2020-02-01,192.0
2020-02-01,971.06
2020-02-01,254.61
2020-02-01,-444.72
2020-02-01,758.4
2020-02-01,24.0
2020-02-01,768.92
2020-02-01,24.62
2020-02-01,31.04
2020-02-01,13.49
2020-02-01,3.03
2020-02-01,3.03
2020-02-01,74.24
2020-02-01,36.8
2020-02-01,436.12
2020-02-01,182.26
2020-02-01,66.94
2020-02-01,171.2
2020-02-01,74.24
2020-02-01,148.0
2020-02-01,207.26
2020-02-01,608.0
2020-02-01,440.58
2020-02-01,13.48
2020-02-01,121.9
2020-02-01,485.82
2020-02-01,192.0
2020-02-01,329.28
2020-02-01,9.93
2020-02-01,0.0
2020-02-01,322.59
2020-02-01,146.57
2020-02-01,124.37
2020-02-01,124.37
2020-02-01,124.37
2020-02-01,57.6
2020-02-01,43.2
2020-02-01,312.8
2020-02-01,158.58
2020-02-01,304.0
2020-02-01,-9.43
2020-02-01,-158.58
2020-02-01,165.5
2020-02-01,64.8
2020-02-01,0.0
2020-02-01,89.66
2020-02-01,23.2
2020-02-01,23.89
2020-02-01,17.28
2020-02-01,20.24
2020-02-01,100.68
2020-02-01,126.89
2020-02-01,72.0
2020-02-01,14.4
2020-02-01,273.25
2020-02-01,20.8
2020-02-01,373.09
2020-02-01,640.0
2020-02-01,18.24
2020-02-01,390.4
2020-02-01,0.0
2020-02-01,390.08
2020-02-01,0.0
2020-02-01,0.0
2020-02-01,0.0
2020-02-01,5.33
2020-02-01,18.21
2020-02-01,67.47
2020-02-01,300.24
2020-02-01,651.72
2020-02-01,6.13
2020-02-01,5.65
2020-02-01,758.4
2020-02-01,8.22
2020-02-01,640.0
2020-02-01,173.48
2020-02-01,109.88
2020-02-01,50.62
2020-02-01,38.57
2020-02-01,109.56
2020-02-01,71.2
2020-02-01,120.58
2020-02-01,173.77
2020-02-01,470.4
2020-02-01,-72.0
2020-02-01,28.97
2020-02-01,7.59
2020-02-01,509.2
2020-02-01,36.84
2020-02-01,13.48
2020-02-01,3.1
2020-02-01,10.48
2020-02-01,626.304
2020-02-01,3.03
2020-02-01,588.0
2020-02-01,48.0
2020-02-01,0.0
2020-02-01,51.1
2020-02-01,62.09
2020-02-01,13.48
2020-02-01,0.0
2020-02-01,11.97
2020-02-01,129.12
2020-02-01,396.0
2020-02-01,509.76
2020-02-01,123.52
2020-02-01,515.53
2020-02-01,919.63
2020-02-01,955.22
2020-02-01,920.84
2020-02-01,267.04
2020-02-01,674.24
2020-02-01,86.91
2020-02-01,912.0
2020-02-01,635.04
2020-02-01,1090.4
2020-02-01,13.81
2020-02-01,87.2
2020-02-01,3.53
2020-02-01,304.0
2020-02-01,46.7
2020-02-01,504.32
2020-02-01,252.16
2020-02-01,224.0
2020-02-01,194.4
2020-02-01,84.42
2020-02-01,127.36
2020-02-01,0.0
2020-02-01,320.0
2020-02-01,1033.6
2020-02-01,54.0
2020-02-01,490.64
2020-02-01,24.52
2020-02-01,127.13
2020-02-01,1055.73
2020-02-01,190.71
2020-02-01,16.36
2020-02-01,720.43
2020-02-01,292.39
2020-02-01,24.0
2020-02-01,22.08
2020-02-01,481.68
2020-02-01,161.76
2020-02-01,107.78
2020-02-01,49.6
2020-02-01,384.0
2020-02-01,208.0
2020-02-01,80.0
2020-02-01,175.41
2020-02-01,74.20615172413794
2020-02-01,250.88
2020-02-01,49.63
2020-02-01,158.87
2020-02-01,139.89
2020-02-01,344.0
2020-02-01,62.09
2020-02-01,110.57
2020-02-01,190.08
2020-02-01,37.22
2020-02-01,16.03
2020-02-01,71.44
2020-02-01,57.6
2020-02-01,48.0
2020-02-01,156.37
2020-02-01,85.71
2020-02-01,510.24
2020-02-01,40.96
2020-02-01,0.0
2020-02-01,48.0
2020-02-01,13.48
2020-02-01,0.0
2020-02-01,50.1
2020-02-01,67.47
2020-02-01,489.6
2020-02-01,99.2
2020-02-01,281.28
2020-02-01,308.64
2020-02-01,403.46
2020-02-01,13.66
2020-02-01,45.57
2020-02-01,512.0
2020-02-01,22.34
2020-02-01,299.23
2020-02-01,356.32
2020-02-01,37.93
2020-02-01,185.74
2020-02-01,123.2
2020-02-01,16.77
2020-02-01,1055.72
2020-02-01,13.79
2020-02-01,77.28
2020-02-01,272.37
2020-02-01,114.39
2020-02-01,38.48
2020-02-01,103.2
2020-02-01,0.0
2020-02-01,0.0
2020-02-01,13.1
2020-02-01,646.2
2020-02-01,111.42
2020-02-01,429.24
2020-02-01,33.12
2020-02-01,139.61
2020-02-01,78.4
2020-02-01,33.6
2020-02-01,0.0
2020-02-01,0.0
2020-03-01,289.66
2020-03-01,0.0
2020-03-01,0.0
2020-03-01,116.91
2020-03-01,0.0
2020-03-01,80.0
2020-03-01,0.0
2020-03-01,458.4
2020-03-01,327.04
2020-03-01,78.81
2020-03-01,93.34
2020-03-01,0.0
2020-03-01,292.39
2020-03-01,672.0
2020-03-01,0.0
2020-03-01,67.2
2020-03-01,84.86
2020-03-01,174.4
2020-03-01,631.12
2020-03-01,28.8
2020-03-01,38.76
2020-03-01,200.16
2020-03-01,4.64
2020-03-01,411.84
2020-03-01,0.0
2020-03-01,49.66
2020-03-01,224.0
2020-03-01,41.84
2020-03-01,434.48
2020-03-01,21.38
2020-03-01,79.38
2020-03-01,0.0
2020-03-01,855.16
2020-03-01,824.35
2020-03-01,1005.78
2020-03-01,19.86
2020-03-01,48.0
2020-03-01,20.28
2020-03-01,0.0
2020-03-01,117.23
2020-03-01,16.4
2020-03-01,200.49
2020-03-01,97.12
2020-03-01,0.0
2020-03-01,137.6
2020-03-01,273.25
2020-03-01,19.28
2020-03-01,170.16
2020-03-01,777.6
2020-03-01,9.24
2020-03-01,230.27
2020-03-01,51.2
2020-03-01,0.0
2020-03-01,0.0
2020-03-01,79.67
2020-03-01,0.0
2020-03-01,42.77
2020-03-01,0.0
2020-03-01,352.32
2020-03-01,124.0
2020-03-01,110.2
2020-03-01,110.2
2020-03-01,110.2
2020-03-01,298.41
2020-03-01,413.6
2020-03-01,0.0
2020-03-01,0.0
2020-03-01,0.0
2020-03-01,405.76
2020-03-01,488.32
2020-03-01,100.7
2020-03-01,245.28
2020-03-01,0.0
2020-03-01,62.4
2020-03-01,11.19
2020-03-01,141.67
2020-03-01,182.26
2020-03-01,0.0
2020-03-01,167.4
2020-03-01,32.63
2020-03-01,0.0
2020-03-01,533.02
2020-03-01,0.0
2020-03-01,249.6
2020-03-01,640.0
2020-03-01,283.99
2020-03-01,17.3
2020-03-01,64.14
2020-03-01,120.33
2020-03-01,194.4
2020-03-01,391.68
2020-03-01,845.76
2020-03-01,0.0
2020-03-01,24.56
2020-03-01,51.82
2020-03-01,676.48
2020-03-01,436.1
2020-03-01,1090.4
2020-03-01,42.98
2020-03-01,78.26
2020-03-01,588.96
2020-03-01,376.32
2020-03-01,0.0
2020-03-01,0.0
2020-03-01,0.0
2020-03-01,0.0
2020-03-01,320.0
2020-03-01,1055.71
2020-03-01,0.0
2020-03-01,44.24
2020-03-01,0.0
2020-03-01,0.0
2020-03-01,0.0
2020-03-01,28.37
2020-03-01,117.92
2020-03-01,0.0
2020-03-01,58.37
2020-03-01,135.63
2020-03-01,435.28
2020-03-01,696.96
2020-03-01,359.52
2020-03-01,208.64
2020-03-01,156.0
2020-03-01,784.0
2020-03-01,817.74
2020-03-01,0.0
2020-03-01,26.96
2020-03-01,5.92
2020-03-01,127.15
2020-03-01,94.16
2020-03-01,0.0
2020-03-01,0.0
2020-03-01,0.0
2020-03-01,0.0
2020-03-01,15.22
2020-03-01,396.8
2020-03-01,625.7
2020-03-01,406.0
2020-03-01,0.0
2020-03-01,0.0
2020-03-01,14.36
2020-03-01,89.6
2020-03-01,389.86
2020-03-01,42.67
2020-03-01,55.03
2020-03-01,48.0
2020-03-01,0.0
2020-03-01,0.0
2020-03-01,0.0
2020-03-01,0.0
2020-03-01,144.0
2020-03-01,0.0
2020-03-01,0.0
2020-03-01,488.32
2020-03-01,224.0
2020-03-01,35.36
2020-03-01,407.04
2020-03-01,288.0
2020-03-01,54.56
2020-03-01,350.44
2020-03-01,0.0
2020-03-01,234.72
2020-03-01,373.28
2020-03-01,56.0
2020-03-01,208.64
2020-03-01,104.0
2020-03-01,160.0
2020-03-01,0.0
2020-03-01,46.94
2020-03-01,3.03
2020-03-01,345.6
2020-03-01,1055.72
2020-03-01,0.0
2020-03-01,248.26
2020-03-01,492.12
2020-03-01,38.9
2020-03-01,15.22
2020-03-01,1084.8
2020-03-01,842.43
2020-03-01,183.04
2020-03-01,25.92
2020-03-01,207.26
2020-03-01,0.0
2020-03-01,0.0
2020-03-01,384.0
2020-03-01,0.0
2020-03-01,55.03
2020-03-01,0.0
2020-03-01,0.0
2020-03-01,0.0
2020-03-01,0.0
2020-03-01,677.28
2020-03-01,717.12
2020-03-01,0.0
2020-03-01,348.06
2020-03-01,191.43
2020-03-01,65.06
2020-03-01,2.56
2020-03-01,2.56
2020-03-01,0.0
2020-03-01,0.0
2020-03-01,210.97
2020-03-01,280.0
2020-03-01,40.0
2020-03-01,85.6
2020-03-01,211.52
2020-03-01,192.0
2020-03-01,172.32
2020-03-01,0.0
2020-03-01,288.0
2020-03-01,35.04
2020-03-01,21.72
2020-03-01,94.4
2020-03-01,278.72
2020-03-01,0.0
2020-03-01,116.32
2020-03-01,0.0
2020-03-01,28.99
2020-03-01,121.66
2020-03-01,0.0
2020-03-01,0.0
2020-03-01,76.16
2020-03-01,9.77
2020-03-01,660.8
2020-03-01,22.34
2020-03-01,436.48
2020-03-01,126.18
2020-03-01,153.51
2020-03-01,80.61
2020-03-01,285.06
2020-03-01,315.73
2020-03-01,0.0
2020-03-01,272.13
2020-03-01,327.38
2020-03-01,263.85
2020-03-01,0.0
2020-03-01,0.0
2020-03-01,2.56
2020-03-01,32.97
2020-03-01,153.6
2020-03-01,0.0
2020-03-01,0.0
2020-03-01,0.0
2020-03-01,48.59
2020-03-01,130.0
2020-03-01,0.0
2020-03-01,78.76
2020-03-01,26.68
2020-03-01,646.2
2020-03-01,0.0
2020-03-01,366.22
2020-03-01,131.12
2020-03-01,64.8
2020-03-01,684.48
2020-03-01,800.0
2020-03-01,800.0
2020-03-01,0.0
2020-03-01,38.38
2020-03-01,312.0
2020-03-01,0.0
2020-03-01,0.0
2020-03-01,8.94
2020-03-01,0.0
2020-04-01,0.0
2020-04-01,20.8
2020-04-01,239.31
2020-04-01,1047.1
2020-04-01,1055.72
2020-04-01,177.6
2020-04-01,42.34
2020-04-01,55.12
2020-04-01,672.0
2020-04-01,359.52
2020-04-01,16.03
2020-04-01,0.0
2020-04-01,68.15
2020-04-01,78.4
2020-04-01,31.2
2020-04-01,0.0
2020-04-01,720.0
2020-04-01,0.0
2020-04-01,167.49
2020-04-01,2.53
2020-04-01,104.0
2020-04-01,0.0
2020-04-01,118.72
2020-04-01,571.2
2020-04-01,0.49
2020-04-01,0.0
2020-04-01,0.0
2020-04-01,95.36
2020-04-01,124.0
2020-04-01,110.2
2020-04-01,110.2
2020-04-01,110.2
2020-04-01,855.16
2020-04-01,824.35
2020-04-01,48.0
2020-04-01,0.0
2020-04-01,800.0
2020-04-01,0.0
2020-04-01,32.63
2020-04-01,0.0
2020-04-01,0.0
2020-04-01,0.0
2020-04-01,487.68
2020-04-01,182.26
2020-04-01,0.0
2020-04-01,134.48
2020-04-01,0.0
2020-04-01,0.0
2020-04-01,640.0
2020-04-01,68.7
2020-04-01,0.0
2020-04-01,0.0
2020-04-01,0.0
2020-04-01,0.0
2020-04-01,27.62
2020-04-01,55.03
2020-04-01,47.45
2020-04-01,0.0
2020-04-01,0.0
2020-04-01,0.0
2020-04-01,32.0
2020-04-01,248.0
2020-04-01,370.4
2020-04-01,0.0
2020-04-01,202.43
2020-04-01,1055.72
2020-04-01,700.1
2020-04-01,0.4
2020-04-01,0.0
2020-04-01,320.0
2020-04-01,157.78
2020-04-01,700.8
2020-04-01,307.14
2020-04-01,230.52
2020-04-01,0.0
2020-04-01,0.0
2020-04-01,423.6
2020-04-01,0.0
2020-04-01,0.0
2020-04-01,0.0
2020-04-01,0.0
2020-04-01,0.0
2020-04-01,0.0
2020-04-01,229.92
2020-04-01,379.84
2020-04-01,0.0
2020-04-01,0.0
2020-04-01,0.0
2020-04-01,214.07
2020-04-01,76.28
2020-04-01,513.06
2020-04-01,0.0
2020-04-01,0.0
2020-04-01,440.0
2020-04-01,1071.84
2020-04-01,9.29
2020-04-01,135.04
2020-04-01,135.36
2020-04-01,0.0
2020-04-01,16.03
2020-04-01,799.99
2020-04-01,377.67
2020-04-01,52.8
2020-04-01,0.0
2020-04-01,0.0
2020-04-01,17.14
2020-04-01,28.8
2020-04-01,0.0
2020-04-01,57.04
2020-04-01,726.34
2020-04-01,1055.72
2020-04-01,25.45
2020-04-01,0.0
2020-04-01,480.0
2020-04-01,227.32
2020-04-01,130.4
2020-04-01,130.4
2020-04-01,55.03
2020-04-01,455.42
2020-04-01,0.0
2020-04-01,0.0
2020-04-01,92.11
2020-04-01,1066.46
2020-04-01,988.51
2020-04-01,160.0
2020-04-01,0.0
2020-04-01,315.73
2020-04-01,0.0
2020-04-01,0.0
2020-04-01,0.0
2020-04-01,0.0
2020-04-01,285.06
2020-04-01,86.24
2020-04-01,1.58
2020-04-01,9.29
2020-04-01,0.0
2020-04-01,1005.75
2020-04-01,39.99
2020-04-01,7.63
2020-04-01,127.1
2020-04-01,0.0
2020-04-01,0.0
2020-04-01,678.4
2020-04-01,324.14
2020-04-01,230.21
2020-04-01,646.2
2020-04-01,38.48
2020-04-01,0.0
2020-04-01,689.66
2020-04-01,660.8
2020-04-01,0.0
2020-04-01,151.49
2020-04-01,0.0
2020-04-01,32.0
2020-04-01,15.96
2020-04-01,3.03
2020-04-01,0.0
2020-04-01,0.0
2020-04-01,0.0
2020-05-01,78.4
2020-05-01,45.6
2020-05-01,26.08
2020-05-01,855.16
2020-05-01,824.35
2020-05-01,5.48
2020-05-01,124.37
2020-05-01,146.57
2020-05-01,124.37
2020-05-01,124.37
2020-05-01,689.66
2020-05-01,326.88
2020-05-01,413.6
2020-05-01,638.4
2020-05-01,48.0
2020-05-01,21.66
2020-05-01,27.03
2020-05-01,379.36
2020-05-01,182.26
2020-05-01,11.06
2020-05-01,160.0
2020-05-01,15.69
2020-05-01,2.57
2020-05-01,0.0
2020-05-01,38.57
2020-05-01,489.74
2020-05-01,54.58
2020-05-01,-285.53
2020-05-01,-162.56
2020-05-01,11.86
2020-05-01,101.2
2020-05-01,54.72
2020-05-01,68.28
2020-05-01,37.86
2020-05-01,385.76
2020-05-01,745.71
2020-05-01,-161.46
2020-05-01,162.56
2020-05-01,771.99
2020-05-01,176.0
2020-05-01,144.0
2020-05-01,640.0
2020-05-01,34.92
2020-05-01,28.8
2020-05-01,433.17
2020-05-01,231.82
2020-05-01,39.15
2020-05-01,62.09
2020-05-01,376.72
2020-05-01,0.0
2020-05-01,10.91
2020-05-01,96.0
2020-05-01,0.0
2020-05-01,0.0
2020-05-01,23.96
2020-05-01,496.0
2020-05-01,256.0
2020-05-01,324.01
2020-05-01,415.48
2020-05-01,32.16
2020-05-01,131.2
2020-05-01,142.68
2020-05-01,560.0
2020-05-01,164.0
2020-05-01,1.1
2020-05-01,1030.2
2020-05-01,275.72
2020-05-01,0.0
2020-05-01,55.92
2020-05-01,1.84
2020-05-01,538.28
2020-05-01,305.94
2020-05-01,44.69
2020-05-01,3.03
2020-05-01,42.12
2020-05-01,176.0
2020-05-01,0.0
2020-05-01,12.98
2020-05-01,62.09
2020-05-01,149.76
2020-05-01,299.23
2020-05-01,356.32
2020-05-01,7.16
2020-05-01,57.79
2020-05-01,18.24
2020-05-01,613.63
2020-05-01,144.08
2020-05-01,473.76
2020-05-01,124.96
2020-05-01,28.28
2020-05-01,48.0
2020-05-01,218.33
2020-05-01,20.15
2020-05-01,41.79
2020-05-01,84.78
2020-05-01,538.28
2020-05-01,8.83
2020-05-01,0.0
2020-05-01,0.0
2020-05-01,89.5
2020-05-01,30.29
2020-05-01,12.77
2020-05-01,100.48
2020-05-01,13.91
2020-05-01,15.22
2020-05-01,275.86
2020-05-01,622.08
2020-05-01,12.68
2020-05-01,646.2
2020-05-01,26.5
2020-05-01,186.21
2020-05-01,262.07
2020-05-01,78.4
2020-06-01,192.0
2020-06-01,0.0
2020-06-01,0.0
2020-06-01,0.0
2020-06-01,149.82
2020-06-01,16.0
2020-06-01,41.77
2020-06-01,137.76
2020-06-01,48.0
2020-06-01,560.0
2020-06-01,200.0
2020-06-01,28.8
2020-06-01,6.0
2020-06-01,864.0
2020-06-01,46.63
2020-06-01,46.63
2020-06-01,0.0
2020-06-01,2.5
2020-06-01,633.6
2020-06-01,470.4
2020-06-01,717.6
2020-06-01,496.89
2020-06-01,0.0
2020-06-01,253.93
2020-06-01,19.5
2020-06-01,75.96
2020-06-01,67.17
2020-06-01,9.19
2020-06-01,0.0
2020-06-01,0.0
2020-06-01,274.7
2020-06-01,382.03
2020-06-01,85.46
2020-06-01,39.43
2020-06-01,146.57
2020-06-01,413.6
2020-06-01,96.0
2020-06-01,0.0
2020-06-01,0.0
2020-06-01,48.0
2020-06-01,739.2
2020-06-01,38.06
2020-06-01,5.88
2020-06-01,202.56
2020-06-01,182.26
2020-06-01,448.0
2020-06-01,723.14
2020-06-01,131.04
2020-06-01,16.14
2020-06-01,258.54
2020-06-01,507.16
2020-06-01,320.0
2020-06-01,313.6
2020-06-01,239.19
2020-06-01,1.91
2020-06-01,2.73
2020-06-01,339.81
2020-06-01,272.86
2020-06-01,56.0
2020-06-01,39.74
2020-06-01,596.29
2020-06-01,177.6
2020-06-01,862.4
2020-06-01,96.0
2020-06-01,2.28
2020-06-01,155.54
2020-06-01,262.0
2020-06-01,0.0
2020-06-01,0.0
2020-06-01,48.0
2020-06-01,624.13
2020-06-01,646.02
2020-06-01,404.1
2020-06-01,156.8
2020-06-01,640.0
2020-06-01,4.78
2020-06-01,281.25
2020-06-01,529.12
2020-06-01,113.16
2020-06-01,590.93
2020-06-01,451.2
2020-06-01,0.0
2020-06-01,459.2
2020-06-01,216.0
2020-06-01,2.1
2020-06-01,223.1
2020-06-01,438.19
2020-06-01,736.44
2020-06-01,663.68
2020-06-01,120.33
2020-06-01,234.88
2020-06-01,1042.76
2020-06-01,37.99
2020-06-01,30.09
2020-06-01,979.2
2020-06-01,70.34
2020-06-01,303.45
2020-06-01,0.0
2020-06-01,62.56
2020-06-01,31.32
2020-06-01,364.8
2020-06-01,605.95
2020-06-01,35.21
2020-06-01,68.64
2020-06-01,48.0
2020-06-01,176.0
2020-06-01,456.0
2020-06-01,44.63
2020-06-01,62.09
2020-06-01,380.16
2020-06-01,20.25
2020-06-01,28.8
2020-06-01,83.2
2020-06-01,42.76
2020-06-01,42.76
2020-06-01,36.84
2020-06-01,789.6
2020-06-01,543.2
2020-06-01,11.63
2020-06-01,13.54
2020-06-01,49.04
2020-06-01,826.96
2020-06-01,960.0
2020-06-01,35.2
2020-06-01,200.53
2020-06-01,17.68
2020-06-01,225.34
2020-06-01,12.77
2020-06-01,236.95
2020-06-01,170.96
2020-06-01,62.4
2020-06-01,11.04
2020-06-01,240.0
2020-06-01,345.41
2020-06-01,160.0
2020-06-01,1.53
2020-06-01,683.03
2020-06-01,258.06
2020-06-01,324.14
2020-06-01,0.0
2020-06-01,864.0
2020-06-01,864.0
2020-06-01,48.0
2020-06-01,40.39
2020-06-01,30.34
2020-06-01,313.6
2020-06-01,646.2
2020-06-01,149.4
2020-06-01,240.0
2020-06-01,278.89
2020-06-01,68.48
2020-06-01,26.18
2020-06-01,8.21
2020-06-01,3.03
2020-07-01,64.0
2020-07-01,116.48
2020-07-01,0.0
2020-07-01,0.0
2020-07-01,726.24
2020-07-01,669.96
2020-07-01,237.32
2020-07-01,43.83
2020-07-01,0.0
2020-07-01,32.48
2020-07-01,19.72
2020-07-01,3.03
2020-07-01,26.41
2020-07-01,0.0
2020-07-01,768.11
2020-07-01,475.2
2020-07-01,53.76
2020-07-01,89.86
2020-07-01,11.03
2020-07-01,78.4
2020-07-01,16.8
2020-07-01,899.84
2020-07-01,29.02
2020-07-01,325.59
2020-07-01,0.0
2020-07-01,0.0
2020-07-01,1001.6
2020-07-01,413.6
2020-07-01,147.2
2020-07-01,48.04
2020-07-01,0.0
2020-07-01,61.87
2020-07-01,75.73
2020-07-01,569.4
2020-07-01,765.76
2020-07-01,765.76
2020-07-01,162.11
2020-07-01,0.0
2020-07-01,800.0
2020-07-01,312.0
2020-07-01,0.0
2020-07-01,0.64
2020-07-01,249.6
2020-07-01,0.0
2020-07-01,398.38
2020-07-01,0.0
2020-07-01,0.0
2020-07-01,96.28
2020-07-01,0.0
2020-07-01,872.3
2020-07-01,0.0
2020-07-01,960.0
2020-07-01,160.0
2020-07-01,262.07
2020-07-01,32.63
2020-07-01,28.36
2020-07-01,2.21
2020-07-01,519.35
2020-07-01,7.31
2020-07-01,0.0
2020-07-01,0.0
2020-07-01,62.4
2020-07-01,24.55
2020-07-01,87.4
2020-07-01,128.0
2020-07-01,0.0
2020-07-01,824.82
2020-07-01,12.06
2020-07-01,3.03
2020-07-01,0.0
2020-07-01,18.0
2020-07-01,0.0
2020-07-01,182.26
2020-07-01,102.4
2020-07-01,979.56
2020-07-01,0.0
2020-07-01,0.0
2020-07-01,0.0
2020-07-01,340.8
2020-07-01,76.16
2020-07-01,240.0
2020-07-01,720.0
2020-07-01,470.12
2020-07-01,83.33
2020-07-01,386.38
2020-07-01,11.48
2020-07-01,21.72
2020-07-01,82.67
2020-07-01,0.0
2020-07-01,0.0
2020-07-01,48.0
2020-07-01,0.0
2020-07-01,26.79
2020-07-01,82.62
2020-07-01,0.0
2020-07-01,0.0
2020-07-01,0.0
2020-07-01,30.09
2020-07-01,88.79
2020-07-01,88.0
2020-07-01,48.0
2020-07-01,523.1
2020-07-01,120.0
2020-07-01,0.0
2020-07-01,0.0
2020-07-01,0.0
2020-07-01,26.19
2020-07-01,0.0
2020-07-01,34.58
2020-07-01,816.64
2020-07-01,381.38
2020-07-01,318.24
2020-07-01,14.32
2020-07-01,740.31
2020-07-01,17.92
2020-07-01,278.62
2020-07-01,960.0
2020-07-01,70.24
2020-07-01,824.96
2020-07-01,84.86
2020-07-01,0.0
2020-07-01,93.78
2020-07-01,25.6
2020-07-01,251.81
2020-07-01,251.81
2020-07-01,251.81
2020-07-01,224.84
2020-07-01,224.84
2020-07-01,251.81
2020-07-01,251.81
2020-07-01,251.81
2020-07-01,224.84
2020-07-01,251.81
2020-07-01,251.81
2020-07-01,251.81
2020-07-01,224.84
2020-07-01,224.84
2020-07-01,-224.84
2020-07-01,-251.81
2020-07-01,-224.84
2020-07-01,-251.81
2020-07-01,-251.81
2020-07-01,-251.81
2020-07-01,-224.84
2020-07-01,-251.81
2020-07-01,-251.81
2020-07-01,-224.84
2020-07-01,-224.84
2020-07-01,-251.81
2020-07-01,-251.81
2020-07-01,-251.81
2020-07-01,689.66
2020-07-01,331.2
2020-07-01,192.0
2020-07-01,638.33
2020-07-01,55.36
2020-07-01,979.71
2020-07-01,320.0
2020-07-01,307.8
2020-07-01,100.35
2020-07-01,499.45
2020-07-01,61.45
2020-07-01,24.0
2020-07-01,400.0
2020-07-01,200.0
2020-07-01,249.6
2020-07-01,1051.2
2020-07-01,185.09
2020-07-01,947.28
2020-07-01,184.8
2020-07-01,105.2
2020-07-01,48.0
2020-07-01,0.0
2020-07-01,40.19
2020-07-01,20.1
2020-07-01,26.79
2020-07-01,17.66
2020-07-01,0.0
2020-07-01,200.0
2020-07-01,42.12
2020-07-01,0.0
2020-07-01,0.0
2020-07-01,28.97
2020-07-01,0.0
2020-07-01,24.79
2020-07-01,4.97
2020-07-01,36.84
2020-07-01,23.45
2020-07-01,208.8
2020-07-01,275.2
2020-07-01,40.19
2020-07-01,73.21
2020-07-01,40.4
2020-07-01,316.8
2020-07-01,53.98
2020-07-01,199.46
2020-07-01,0.0
2020-07-01,0.0
2020-07-01,0.0
2020-07-01,0.0
2020-07-01,0.0
2020-07-01,794.11
2020-07-01,527.69
2020-07-01,192.0
2020-07-01,230.03
2020-07-01,1.48
2020-07-01,12.55
2020-07-01,42.24
2020-07-01,160.0
2020-07-01,17.46
2020-07-01,898.62
2020-07-01,945.82
2020-07-01,0.0
2020-07-01,0.0
2020-07-01,207.36
2020-07-01,57.6
2020-07-01,127.52
2020-07-01,264.16
2020-07-01,1.05
2020-07-01,249.6
2020-07-01,55.03
2020-07-01,0.0
2020-07-01,952.01
2020-07-01,498.88
2020-07-01,627.2
2020-07-01,64.0
2020-07-01,1047.34
2020-07-01,0.0
2020-07-01,213.63
2020-07-01,86.35
2020-07-01,69.76
2020-07-01,240.0
2020-07-01,596.0
2020-07-01,0.0
2020-07-01,49.51
2020-07-01,0.0
2020-07-01,0.0
2020-07-01,0.0
2020-07-01,0.0
2020-07-01,0.0
2020-07-01,0.0
2020-07-01,0.0
2020-07-01,0.0
2020-07-01,0.0
2020-07-01,0.0
2020-07-01,0.0
2020-07-01,229.89
2020-07-01,0.0
2020-07-01,0.0
2020-07-01,0.0
2020-07-01,724.87
2020-07-01,759.66
2020-07-01,0.0
2020-07-01,0.0
2020-07-01,0.0
2020-07-01,0.0
2020-07-01,0.0
2020-07-01,105.6
2020-07-01,416.0
2020-07-01,0.0
2020-07-01,180.72
2020-07-01,13.47
2020-07-01,10.76
2020-07-01,544.83
2020-07-01,0.0
2020-07-01,40.4
2020-07-01,66.98
2020-07-01,50.06
2020-07-01,40.38
2020-07-01,26.09
2020-07-01,217.22
2020-07-01,564.54
2020-07-01,246.4
2020-07-01,16.56
2020-07-01,0.0
2020-07-01,0.0
2020-07-01,47.08
2020-07-01,48.0
2020-07-01,48.0
2020-07-01,291.87
2020-07-01,0.0
2020-07-01,0.0
2020-07-01,64.33
2020-07-01,32.0
2020-07-01,2.53
2020-07-01,560.0
2020-07-01,134.4
2020-07-01,37.44
2020-07-01,0.0
2020-07-01,128.83
2020-07-01,6.34
2020-07-01,205.44
2020-07-01,532.44
2020-07-01,121.54
2020-07-01,242.4
2020-07-01,194.58
2020-07-01,240.0
2020-07-01,27.84
2020-07-01,104.0
2020-07-01,45.77
2020-07-01,39.26
2020-07-01,288.0
2020-07-01,28.56
2020-07-01,646.2
2020-07-01,253.82
2020-07-01,86.4
2020-07-01,1021.19
2020-07-01,203.07
2020-07-01,971.69
2020-07-01,-194.58
2020-07-01,408.01
2020-07-01,32.0
2020-07-01,97.29
2020-07-01,-97.29
2020-07-01,0.0
2020-07-01,0.0
2020-07-01,76.56
2020-07-01,2.94
2020-07-01,563.51
2020-07-01,0.0
2020-07-01,2.48
2020-07-01,0.0
2020-07-01,0.0
2020-07-01,0.0
2020-08-01,78.4
2020-08-01,69.6
2020-08-01,888.22
2020-08-01,888.32
2020-08-01,251.81
2020-08-01,-251.81
2020-08-01,200.0
2020-08-01,360.8
2020-08-01,48.32
2020-08-01,33.6
2020-08-01,960.0
2020-08-01,159.2
2020-08-01,0.0
2020-08-01,38.46
2020-08-01,82.52
2020-08-01,0.0
2020-08-01,143.79
2020-08-01,109.3
2020-08-01,100.8
2020-08-01,384.0
2020-08-01,511.63
2020-08-01,61.92
2020-08-01,0.0
2020-08-01,0.0
2020-08-01,78.4
2020-08-01,69.6
2020-08-01,0.0
2020-08-01,0.0
2020-08-01,0.0
2020-08-01,0.0
2020-08-01,0.0
2020-08-01,165.38
2020-08-01,206.62
2020-08-01,59.07
2020-08-01,0.0
2020-08-01,40.4
2020-08-01,0.0
2020-08-01,0.0
2020-08-01,230.27
2020-08-01,0.0
2020-08-01,560.32
2020-08-01,25.6
2020-08-01,10.56
2020-08-01,75.73
2020-08-01,353.03
2020-08-01,331.55
2020-08-01,16.17
2020-08-01,800.0
2020-08-01,80.0
2020-08-01,0.0
2020-08-01,25.75
2020-08-01,395.68
2020-08-01,853.6
2020-08-01,30.02
2020-08-01,1021.68
2020-08-01,400.0
2020-08-01,63.2
2020-08-01,329.32
2020-08-01,6.37
2020-08-01,43.2
2020-08-01,40.41
2020-08-01,140.8
2020-08-01,32.63
2020-08-01,0.0
2020-08-01,0.0
2020-08-01,0.0
2020-08-01,41.98
2020-08-01,29.12
2020-08-01,0.0
2020-08-01,6.9
2020-08-01,24.56
2020-08-01,605.95
2020-08-01,60.69
2020-08-01,8.4
2020-08-01,0.0
2020-08-01,0.0
2020-08-01,0.0
2020-08-01,0.0
2020-08-01,45.32
2020-08-01,182.26
2020-08-01,947.28
2020-08-01,0.0
2020-08-01,713.89
2020-08-01,38.9
2020-08-01,68.88
2020-08-01,114.08
2020-08-01,0.0
2020-08-01,208.0
2020-08-01,0.0
2020-08-01,87.17
2020-08-01,25.57
2020-08-01,275.72
2020-08-01,0.0
2020-08-01,0.0
2020-08-01,132.41
2020-08-01,0.0
2020-08-01,0.0
2020-08-01,0.0
2020-08-01,376.0
2020-08-01,3.16
2020-08-01,14.22
2020-08-01,46.8
2020-08-01,25.28
2020-08-01,259.57
2020-08-01,651.66
2020-08-01,55.03
2020-08-01,12.66
2020-08-01,46.4
2020-08-01,1018.71
2020-08-01,811.81
2020-08-01,156.8
2020-08-01,997.6
2020-08-01,270.08
2020-08-01,38.7
2020-08-01,885.6
2020-08-01,156.92
2020-08-01,0.0
2020-08-01,0.0
2020-08-01,320.0
2020-08-01,689.66
2020-08-01,0.0
2020-08-01,26.94
2020-08-01,24.52
2020-08-01,39.22
2020-08-01,0.0
2020-08-01,0.0
2020-08-01,446.08
2020-08-01,0.0
2020-08-01,41.38
2020-08-01,0.0
2020-08-01,0.0
2020-08-01,560.52
2020-08-01,0.0
2020-08-01,266.07
2020-08-01,0.0
2020-08-01,3.37
2020-08-01,144.0
2020-08-01,17.44
2020-08-01,56.32
2020-08-01,0.0
2020-08-01,572.98
2020-08-01,127.61
2020-08-01,256.0
2020-08-01,114.4
2020-08-01,60.61
2020-08-01,40.19
2020-08-01,98.88
2020-08-01,3.95
2020-08-01,705.22
2020-08-01,560.52
2020-08-01,896.58
2020-08-01,0.0
2020-08-01,944.29
2020-08-01,20.22
2020-08-01,262.07
2020-08-01,0.0
2020-08-01,284.18
2020-08-01,17.22
2020-08-01,0.0
2020-08-01,0.0
2020-08-01,0.0
2020-08-01,0.0
2020-08-01,35.56
2020-08-01,55.03
2020-08-01,0.0
2020-08-01,0.0
2020-08-01,283.2
2020-08-01,94.28
2020-08-01,37.97
2020-08-01,0.0
2020-08-01,0.0
2020-08-01,0.0
2020-08-01,0.0
2020-08-01,384.32
2020-08-01,0.0
2020-08-01,90.88
2020-08-01,40.4
2020-08-01,10.12
2020-08-01,280.0
2020-08-01,6.74
2020-08-01,192.79
2020-08-01,0.0
2020-08-01,790.4
2020-08-01,790.4
2020-08-01,111.44
2020-08-01,73.11
2020-08-01,5.91
2020-08-01,335.7
2020-08-01,520.0
2020-08-01,20.69
2020-08-01,1039.95
2020-08-01,24.55
2020-08-01,96.0
2020-08-01,22.14
2020-08-01,202.0
2020-08-01,115.33
2020-08-01,28.56
2020-08-01,128.48
2020-08-01,0.0
2020-08-01,0.0
2020-08-01,244.62
2020-08-01,400.0
2020-08-01,50.55
2020-08-01,497.92
2020-08-01,0.0
2020-08-01,48.0
2020-08-01,67.34
2020-08-01,53.39
2020-08-01,22.29
2020-08-01,195.61
2020-08-01,41.92
2020-08-01,691.06
2020-08-01,18.08
2020-08-01,36.96
2020-08-01,0.0
2020-08-01,800.0
2020-08-01,636.31
2020-08-01,388.25
2020-08-01,107.33
2020-08-01,403.96
2020-08-01,0.0
2020-08-01,520.2
2020-08-01,0.0
2020-08-01,393.1
2020-08-01,316.8
2020-08-01,0.0
2020-08-01,0.0
2020-08-01,0.0
2020-08-01,7.41
2020-09-01,78.4
2020-09-01,0.0
2020-09-01,770.76
2020-09-01,0.0
2020-09-01,0.0
2020-09-01,0.0
2020-09-01,79.38
2020-09-01,26.88
2020-09-01,88.8
2020-09-01,312.0
2020-09-01,208.0
2020-09-01,17.86
2020-09-01,107.14
2020-09-01,0.0
2020-09-01,8.05
2020-09-01,17.6
2020-09-01,896.0
2020-09-01,199.92
2020-09-01,345.6
2020-09-01,888.22
2020-09-01,888.32
2020-09-01,94.81
2020-09-01,0.0
2020-09-01,0.0
2020-09-01,0.0
2020-09-01,0.0
2020-09-01,746.24
2020-09-01,0.0
2020-09-01,13.24
2020-09-01,86.91
2020-09-01,403.2
2020-09-01,48.0
2020-09-01,204.0
2020-09-01,136.0
2020-09-01,0.0
2020-09-01,23.86
2020-09-01,0.0
2020-09-01,0.0
2020-09-01,0.0
2020-09-01,896.41
2020-09-01,-107.14
2020-09-01,-17.86
2020-09-01,28.73
2020-09-01,0.0
2020-09-01,274.06
2020-09-01,29.16
2020-09-01,7.31
2020-09-01,33.28
2020-09-01,95.04
2020-09-01,75.73
2020-09-01,353.37
2020-09-01,0.0
2020-09-01,517.44
2020-09-01,48.0
2020-09-01,0.0
2020-09-01,0.0
2020-09-01,422.06
2020-09-01,456.0
2020-09-01,58.62
2020-09-01,0.0
2020-09-01,34.48
2020-09-01,48.28
2020-09-01,165.52
2020-09-01,56.81
2020-09-01,63.17
2020-09-01,979.82
2020-09-01,0.0
2020-09-01,800.0
2020-09-01,616.8
2020-09-01,12.74
2020-09-01,2.43
2020-09-01,152.8
2020-09-01,13.3
2020-09-01,102.4
2020-09-01,0.0
2020-09-01,915.2
2020-09-01,53.12
2020-09-01,193.19
2020-09-01,62.4
2020-09-01,711.94
2020-09-01,265.42
2020-09-01,101.07
2020-09-01,572.41
2020-09-01,0.0
2020-09-01,76.8
2020-09-01,134.72
2020-09-01,26.94
2020-09-01,29.72
2020-09-01,432.0
2020-09-01,3.03
2020-09-01,42.12
2020-09-01,528.0
2020-09-01,0.0
2020-09-01,54.92
2020-09-01,275.67
2020-09-01,14.94
2020-09-01,19.3
2020-09-01,458.4
2020-09-01,58.01
2020-09-01,137.13
2020-09-01,920.73
2020-09-01,20.28
2020-09-01,78.27
2020-09-01,0.0
2020-09-01,0.0
2020-09-01,23.4
2020-09-01,317.24
2020-09-01,1065.6
2020-09-01,0.0
2020-09-01,0.0
2020-09-01,22.1
2020-09-01,431.97
2020-09-01,62.72
2020-09-01,59.4
2020-09-01,723.84
2020-09-01,264.31
2020-09-01,0.0
2020-09-01,0.0
2020-09-01,3.35
2020-09-01,576.0
2020-09-01,50.4
2020-09-01,0.0
2020-09-01,0.0
2020-09-01,0.0
2020-09-01,943.84
2020-09-01,589.76
2020-09-01,364.0
2020-09-01,12.84
2020-09-01,578.3
2020-09-01,23.04
2020-09-01,55.03
2020-09-01,320.0
2020-09-01,264.83
2020-09-01,0.0
2020-09-01,0.0
2020-09-01,960.0
2020-09-01,353.6
2020-09-01,28.57
2020-09-01,10.71
2020-09-01,60.22
2020-09-01,42.63
2020-09-01,0.0
2020-09-01,31.68
2020-09-01,216.0
2020-09-01,4.11
2020-09-01,47.59
2020-09-01,26.27
2020-09-01,144.0
2020-09-01,0.0
2020-09-01,0.0
2020-09-01,0.56
2020-09-01,141.6
2020-09-01,0.0
2020-09-01,0.0
2020-09-01,256.96
2020-09-01,525.89
2020-09-01,89.6
2020-09-01,10.19
2020-09-01,672.0
2020-09-01,0.0
2020-09-01,0.0
2020-09-01,291.35
2020-09-01,9.96
2020-09-01,130.4
2020-09-01,54.89
2020-09-01,434.4
2020-09-01,480.0
2020-09-01,520.2
2020-09-01,0.0
2020-09-01,4.61
2020-09-01,0.0
2020-09-01,0.0
2020-09-01,3.95
2020-09-01,22.4
2020-09-01,25.6
2020-09-01,7.18
2020-09-01,3.37
2020-09-01,652.8
2020-09-01,283.2
2020-09-01,1078.18
2020-09-01,13.1
2020-09-01,576.6
2020-09-01,810.79
2020-09-01,101.61
2020-09-01,0.0
2020-09-01,80.0
2020-09-01,508.8
2020-09-01,170.88
2020-09-01,99.45
2020-09-01,0.0
2020-09-01,500.48
2020-09-01,0.0
2020-09-01,0.0
2020-09-01,0.0
2020-09-01,0.0
2020-09-01,360.0
2020-09-01,585.6
2020-09-01,37.22
2020-09-01,30.99
2020-09-01,55.03
2020-09-01,56.0
2020-09-01,422.4
2020-09-01,29.95
2020-09-01,0.0
2020-09-01,217.72
2020-09-01,63.34
2020-09-01,520.0
2020-09-01,21.53
2020-09-01,544.0
2020-09-01,0.0
2020-09-01,228.48
2020-09-01,284.1
2020-09-01,218.76
2020-09-01,256.96
2020-09-01,151.17
2020-09-01,0.0
2020-09-01,0.0
2020-09-01,0.0
2020-09-01,377.76
2020-09-01,1065.6
2020-09-01,0.0
2020-09-01,155.2
2020-09-01,4.46
2020-09-01,8.63
2020-09-01,79.36
2020-09-01,285.45
2020-09-01,0.0
2020-09-01,0.0
2020-09-01,0.0
2020-09-01,0.0
2020-09-01,230.4
2020-09-01,72.38
2020-09-01,691.78
2020-09-01,0.0
2020-09-01,0.0
2020-09-01,11.5
2020-09-01,89.6
2020-09-01,67.2
2020-09-01,0.0
2020-09-01,564.62
2020-09-01,42.34
2020-09-01,258.84
2020-09-01,72.48
2020-09-01,48.0
2020-09-01,527.92
2020-09-01,409.73
2020-09-01,336.0
2020-09-01,862.4
2020-09-01,30.24
2020-09-01,653.76
2020-09-01,213.79
2020-09-01,469.92
2020-09-01,17.02
2020-09-01,312.8
2020-09-01,0.0
2020-09-01,243.52
2020-09-01,0.14
2020-09-01,27.77
2020-09-01,83.83
2020-09-01,25.92
2020-09-01,0.0
2020-09-01,0.0
2020-09-01,0.0
2020-09-01,0.0
2020-10-01,23.17
2020-10-01,888.22
2020-10-01,888.32
2020-10-01,974.7
2020-10-01,16.63
2020-10-01,360.0
2020-10-01,240.0
2020-10-01,41.24
2020-10-01,38.93
2020-10-01,482.07
2020-10-01,43.22
2020-10-01,952.01
2020-10-01,78.4
2020-10-01,806.22
2020-10-01,0.0
2020-10-01,240.0
2020-10-01,19.51
2020-10-01,40.0
2020-10-01,31.32
2020-10-01,0.0
2020-10-01,0.0
2020-10-01,348.48
2020-10-01,0.0
2020-10-01,99.23
2020-10-01,0.0
2020-10-01,0.0
2020-10-01,0.0
2020-10-01,0.0
2020-10-01,0.0
2020-10-01,465.44
2020-10-01,0.0
2020-10-01,0.0
2020-10-01,0.0
2020-10-01,141.58
2020-10-01,800.0
2020-10-01,24.32
2020-10-01,147.2
2020-10-01,75.73
2020-10-01,348.84
2020-10-01,0.0
2020-10-01,40.0
2020-10-01,55.03
2020-10-01,462.4
2020-10-01,60.8
2020-10-01,6.07
2020-10-01,51.2
2020-10-01,12.82
2020-10-01,188.23
2020-10-01,8.95
2020-10-01,662.28
2020-10-01,29.44
2020-10-01,193.19
2020-10-01,134.66
2020-10-01,1083.21
2020-10-01,231.97
2020-10-01,384.0
2020-10-01,22.76
2020-10-01,676.8
2020-10-01,10.21
2020-10-01,267.75
2020-10-01,94.82
2020-10-01,-469.92
2020-10-01,469.92
2020-10-01,51.2
2020-10-01,18.39
2020-10-01,111.68
2020-10-01,41.92
2020-10-01,949.56
2020-10-01,99.52
2020-10-01,0.0
2020-10-01,0.0
2020-10-01,10.19
2020-10-01,1065.6
2020-10-01,0.0
2020-10-01,40.0
2020-10-01,744.0
2020-10-01,81.6
2020-10-01,50.9
2020-10-01,8.6
2020-10-01,384.0
2020-10-01,80.0
2020-10-01,190.74
2020-10-01,96.0
2020-10-01,0.0
2020-10-01,186.56
2020-10-01,36.04
2020-10-01,0.0
2020-10-01,0.0
2020-10-01,16.77
2020-10-01,12.53
2020-10-01,44.93
2020-10-01,121.02
2020-10-01,0.0
2020-10-01,294.88
2020-10-01,192.0
2020-10-01,0.0
2020-10-01,549.69
2020-10-01,59.02
2020-10-01,74.79
2020-10-01,448.0
2020-10-01,53.34
2020-10-01,0.0
2020-10-01,311.52
2020-10-01,320.0
2020-10-01,6.77
2020-10-01,57.6
2020-10-01,88.8
2020-10-01,720.0
2020-10-01,5.04
2020-10-01,25.67
2020-10-01,40.19
2020-10-01,0.0
2020-10-01,0.0
2020-10-01,0.0
2020-10-01,0.0
2020-10-01,0.0
2020-10-01,14.32
2020-10-01,54.53
2020-10-01,384.0
2020-10-01,0.0
2020-10-01,464.82
2020-10-01,18.41
2020-10-01,615.53
2020-10-01,0.0
2020-10-01,15.48
2020-10-01,0.0
2020-10-01,56.56
2020-10-01,11.84
2020-10-01,690.15
2020-10-01,520.0
2020-10-01,851.72
2020-10-01,0.0
2020-10-01,1040.0
2020-10-01,63.35
2020-10-01,0.0
2020-10-01,0.0
2020-10-01,124.0
2020-10-01,83.04
2020-10-01,0.0
2020-10-01,33.1
2020-10-01,158.4
2020-10-01,0.0
2020-10-01,0.0
2020-10-01,0.0
2020-10-01,94.92
2020-10-01,33.1
2020-10-01,0.0
2020-10-01,0.0
2020-10-01,28.97
2020-10-01,36.83
2020-10-01,0.0
2020-10-01,0.0
2020-10-01,84.0
2020-10-01,312.0
2020-10-01,32.68
2020-10-01,46.34
2020-10-01,156.55
2020-10-01,59.52
2020-10-01,0.0
2020-10-01,0.0
2020-10-01,0.0
2020-10-01,88.0
2020-10-01,24.48
2020-10-01,124.8
2020-10-01,269.97
2020-10-01,-165.52
2020-10-01,57.66
2020-10-01,14.69
2020-10-01,130.4
2020-10-01,388.39
2020-10-01,244.8
2020-10-01,55.03
2020-10-01,379.04
2020-10-01,52.48
2020-10-01,1065.6
2020-10-01,49.25
2020-10-01,11.48
2020-10-01,80.0
2020-10-01,544.83
2020-10-01,0.0
2020-10-01,16.42
2020-10-01,0.0
2020-10-01,633.6
2020-10-01,0.0
2020-10-01,0.0
2020-10-01,190.8
2020-10-01,0.0
2020-10-01,0.0
2020-10-01,0.0
2020-10-01,28.42
2020-10-01,90.24
2020-10-01,229.89
2020-10-01,694.69
2020-10-01,96.36
2020-10-01,312.8
2020-10-01,407.54
2020-10-01,9.04
2020-10-01,0.0
2020-10-01,12.69
2020-10-01,0.0
2020-10-01,188.28
2020-10-01,52.41
2020-10-01,512.0
2020-10-01,28.8
2020-10-01,0.0
2020-10-01,7.87
2020-10-01,164.14
2020-10-01,0.0
2020-10-01,0.0
2020-10-01,196.34
2020-10-01,219.68
2020-10-01,46.23
2020-10-01,0.0
2020-10-01,148.56
2020-10-01,180.8
2020-10-01,17.46
2020-10-01,640.0
2020-10-01,640.0
2020-10-01,304.0
2020-10-01,7.04
2020-10-01,0.0
2020-10-01,0.0
2020-10-01,0.0
2020-10-01,113.6
2020-10-01,0.0
2020-10-01,0.0
2020-10-01,0.0
2020-10-01,177.93
2020-10-01,0.0
2020-10-01,440.89
2020-10-01,0.0
2020-10-01,13.45
2020-10-01,0.0
2020-10-01,277.31
2020-10-01,444.8
2020-10-01,-48.28
2020-10-01,25.26
2020-10-01,32.9
2020-10-01,0.0
2020-10-01,0.0
2020-10-01,0.0
2020-10-01,0.0
2020-10-01,90.88
2020-10-01,0.0
2020-10-01,0.0
2020-10-01,0.0
2020-10-01,28.68
2020-10-01,28.73
2020-10-01,832.0
2020-10-01,38.7
2020-10-01,23.15
2020-10-01,0.0
2020-10-01,0.0
2020-10-01,26.48
2020-10-01,0.0
2020-10-01,0.0
2020-10-01,0.0
2020-10-01,0.0
2020-11-01,78.4
2020-11-01,50.4
2020-11-01,888.22
2020-11-01,888.32
2020-11-01,0.0
2020-11-01,0.0
2020-11-01,0.0
2020-11-01,0.0
2020-11-01,13.72
2020-11-01,600.68
2020-11-01,41.49
2020-11-01,29.09
2020-11-01,0.0
2020-11-01,75.73
2020-11-01,349.2
2020-11-01,107.84
2020-11-01,688.96
2020-11-01,57.6
2020-11-01,112.32
2020-11-01,0.0
2020-11-01,0.0
2020-11-01,366.08
2020-11-01,0.0
2020-11-01,0.0
2020-11-01,0.0
2020-11-01,9.1
2020-11-01,16.51
2020-11-01,64.83
2020-11-01,25.6
2020-11-01,0.0
2020-11-01,19.32
2020-11-01,15.17
2020-11-01,0.0
2020-11-01,71.15
2020-11-01,22.8
2020-11-01,0.0
2020-11-01,0.0
2020-11-01,0.0
2020-11-01,55.03
2020-11-01,0.0
2020-11-01,320.0
2020-11-01,800.0
2020-11-01,0.0
2020-11-01,912.0
2020-11-01,91.98
2020-11-01,241.89
2020-11-01,16.63
2020-11-01,352.0
2020-11-01,110.4
2020-11-01,63.17
2020-11-01,246.07
2020-11-01,253.79
2020-11-01,54.08
2020-11-01,61.52
2020-11-01,23.28
2020-11-01,0.0
2020-11-01,44.66
2020-11-01,116.23
2020-11-01,18.58
2020-11-01,193.19
2020-11-01,193.66
2020-11-01,0.0
2020-11-01,0.0
2020-11-01,0.0
2020-11-01,0.0
2020-11-01,409.6
2020-11-01,0.0
2020-11-01,0.0
2020-11-01,134.43
2020-11-01,711.94
2020-11-01,1065.6
2020-11-01,94.02
2020-11-01,148.48
2020-11-01,45.82
2020-11-01,0.0
2020-11-01,13.79
2020-11-01,3.32
2020-11-01,1079.54
2020-11-01,0.0
2020-11-01,50.75
2020-11-01,0.0
2020-11-01,12.92
2020-11-01,0.0
2020-11-01,0.0
2020-11-01,0.0
2020-11-01,895.2
2020-11-01,9.19
2020-11-01,0.0
2020-11-01,425.87
2020-11-01,0.0
2020-11-01,30.9
2020-11-01,117.25
2020-11-01,145.66
2020-11-01,256.0
2020-11-01,279.58
2020-11-01,77.11
2020-11-01,28.68
2020-11-01,256.63
2020-11-01,22.12
2020-11-01,42.12
2020-11-01,37.26
2020-11-01,242.0
2020-11-01,19.2
2020-11-01,54.4
2020-11-01,68.8
2020-11-01,256.0
2020-11-01,19.88
2020-11-01,0.0
2020-11-01,170.72
2020-11-01,0.0
2020-11-01,960.0
2020-11-01,251.75
2020-11-01,26.91
2020-11-01,5.73
2020-11-01,383.6
2020-11-01,328.64
2020-11-01,384.32
2020-11-01,0.0
2020-11-01,0.0
2020-11-01,0.0
2020-11-01,0.0
2020-11-01,0.0
2020-11-01,0.0
2020-11-01,0.0
2020-11-01,0.0
2020-11-01,229.03
2020-11-01,0.0
2020-11-01,256.55
2020-11-01,0.0
2020-11-01,0.0
2020-11-01,0.0
2020-11-01,0.0
2020-11-01,0.0
2020-11-01,0.0
2020-11-01,320.0
2020-11-01,272.0
2020-11-01,0.0
2020-11-01,0.0
2020-11-01,161.12
2020-11-01,-80.0
2020-11-01,32.19
2020-11-01,0.0
2020-11-01,26.86
2020-11-01,8.0
2020-11-01,0.0
2020-11-01,26.96
2020-11-01,78.28
2020-11-01,62.33
2020-11-01,384.0
2020-11-01,115.2
2020-11-01,18.39
2020-11-01,25.94
2020-11-01,836.92
2020-11-01,0.0
2020-11-01,371.75
2020-11-01,0.0
2020-11-01,37.36
2020-11-01,0.0
2020-11-01,0.0
2020-11-01,336.0
2020-11-01,-28.68
2020-11-01,3.21
2020-11-01,271.32
2020-11-01,51.81
2020-11-01,0.0
2020-11-01,0.0
2020-11-01,0.0
2020-11-01,0.0
2020-11-01,0.0
2020-11-01,1056.0
2020-11-01,0.0
2020-11-01,0.0
2020-11-01,65.76
2020-11-01,47.93
2020-11-01,426.85
2020-11-01,18.59
2020-11-01,432.4
2020-11-01,661.41
2020-11-01,0.0
2020-11-01,0.0
2020-11-01,979.2
2020-11-01,0.0
2020-11-01,0.0
2020-11-01,0.0
2020-11-01,366.08
2020-11-01,0.0
2020-11-01,55.17
2020-11-01,31.36
2020-11-01,7.42
2020-11-01,55.03
2020-11-01,0.0
2020-11-01,42.48
2020-11-01,269.57
2020-11-01,0.0
2020-11-01,947.28
2020-11-01,1065.6
2020-11-01,26.87
2020-11-01,0.0
2020-11-01,57.6
2020-11-01,9.6
2020-11-01,960.0
2020-11-01,9.08
2020-11-01,172.8
2020-11-01,23.36
2020-11-01,25.26
2020-11-01,0.0
2020-11-01,0.0
2020-11-01,78.43
2020-11-01,0.0
2020-11-01,0.0
2020-11-01,0.0
2020-11-01,40.64
2020-11-01,5.59
2020-11-01,321.62
2020-11-01,0.0
2020-11-01,6.45
2020-11-01,31.2
2020-11-01,43.78
2020-11-01,140.8
2020-11-01,43.2
2020-11-01,229.89
2020-11-01,18.39
2020-11-01,312.8
2020-11-01,-24.51
2020-11-01,45.52
2020-11-01,168.0
2020-11-01,17.46
2020-11-01,538.0
2020-11-01,68.44
2020-11-01,490.24
2020-11-01,53.73
2020-11-01,290.17
2020-11-01,37.67
2020-11-01,24.14
2020-11-01,288.0
2020-11-01,214.4
2020-11-01,112.26
2020-11-01,0.0
2020-11-01,492.8
2020-11-01,304.56
2020-11-01,0.0
2020-11-01,21.26
2020-11-01,33.1
2020-11-01,16.0
2020-11-01,179.2
2020-11-01,0.0
2020-11-01,0.0
2020-11-01,0.0
2020-11-01,446.76
2020-11-01,844.8
2020-11-01,71.45
2020-11-01,174.56
2020-11-01,0.0
2020-11-01,224.0
2020-11-01,329.6
2020-11-01,0.0
2020-11-01,0.0
2020-11-01,0.0
2020-11-01,68.97
2020-11-01,41.06
2020-11-01,27.59
2020-11-01,0.0
2020-11-01,0.0
2020-11-01,0.0
2020-12-01,925.93
2020-12-01,0.0
2020-12-01,0.0
2020-12-01,888.22
2020-12-01,888.32
2020-12-01,3.78
2020-12-01,0.0
2020-12-01,0.0
2020-12-01,0.0
2020-12-01,41.38
2020-12-01,6.7
2020-12-01,265.76
2020-12-01,448.0
2020-12-01,0.0
2020-12-01,78.4
2020-12-01,28.8
2020-12-01,129.28
2020-12-01,549.44
2020-12-01,0.0
2020-12-01,55.03
2020-12-01,0.0
2020-12-01,0.0
2020-12-01,0.0
2020-12-01,0.0
2020-12-01,115.17
2020-12-01,342.07
2020-12-01,88.8
2020-12-01,272.0
2020-12-01,204.0
2020-12-01,0.0
2020-12-01,33.22
2020-12-01,227.8
2020-12-01,0.0
2020-12-01,0.0
2020-12-01,80.0
2020-12-01,593.5
2020-12-01,0.0
2020-12-01,20.91
2020-12-01,344.13
2020-12-01,339.2
2020-12-01,-34.48
2020-12-01,48.07
2020-12-01,117.24
2020-12-01,89.66
2020-12-01,739.84
2020-12-01,57.6
2020-12-01,0.0
2020-12-01,191.8
2020-12-01,7.7
2020-12-01,348.36
2020-12-01,75.73
2020-12-01,72.7
2020-12-01,0.0
2020-12-01,0.0
2020-12-01,288.87
2020-12-01,268.32
2020-12-01,0.0
2020-12-01,1065.6
2020-12-01,800.0
2020-12-01,112.0
2020-12-01,27.59
2020-12-01,131.67
2020-12-01,14.07
2020-12-01,60.55
2020-12-01,178.63
2020-12-01,721.8
2020-12-01,0.0
2020-12-01,54.08
2020-12-01,0.0
2020-12-01,0.0
2020-12-01,0.0
2020-12-01,56.63
2020-12-01,0.0
2020-12-01,0.0
2020-12-01,0.0
2020-12-01,0.0
2020-12-01,0.0
2020-12-01,40.32
2020-12-01,19.46
2020-12-01,23.31
2020-12-01,440.0
2020-12-01,197.12
2020-12-01,320.16
2020-12-01,60.48
2020-12-01,0.0
2020-12-01,0.0
2020-12-01,6.85
2020-12-01,0.0
2020-12-01,0.0
2020-12-01,314.28
2020-12-01,492.0
2020-12-01,193.19
2020-12-01,112.84
2020-12-01,11.83
2020-12-01,22.08
2020-12-01,0.0
2020-12-01,744.0
2020-12-01,19.2
2020-12-01,560.0
2020-12-01,674.7
2020-12-01,105.86
2020-12-01,0.0
2020-12-01,600.0
2020-12-01,174.89
2020-12-01,28.8
2020-12-01,880.0
2020-12-01,336.0
2020-12-01,1.68
2020-12-01,0.0
2020-12-01,126.23
2020-12-01,0.0
2020-12-01,0.0
2020-12-01,0.0
2020-12-01,0.0
2020-12-01,0.0
2020-12-01,244.0
2020-12-01,109.83
2020-12-01,0.0
2020-12-01,276.8
2020-12-01,320.0
2020-12-01,0.0
2020-12-01,0.0
2020-12-01,0.0
2020-12-01,8.01
2020-12-01,46.4
2020-12-01,39.22
2020-12-01,256.96
2020-12-01,589.89
2020-12-01,0.0
2020-12-01,88.88
2020-12-01,0.0
2020-12-01,28.97
2020-12-01,605.98
2020-12-01,345.76
2020-12-01,36.83
2020-12-01,4.97
2020-12-01,56.73
2020-12-01,544.0
2020-12-01,53.76
2020-12-01,1056.0
2020-12-01,18.39
2020-12-01,19.2
2020-12-01,29.87
2020-12-01,0.0
2020-12-01,230.27
2020-12-01,445.44
2020-12-01,144.0
2020-12-01,43.77
2020-12-01,236.8
2020-12-01,5.85
2020-12-01,141.52
2020-12-01,176.0
2020-12-01,0.0
2020-12-01,728.64
2020-12-01,312.0
2020-12-01,0.0
2020-12-01,144.0
2020-12-01,0.0
2020-12-01,26.88
2020-12-01,302.22
2020-12-01,0.0
2020-12-01,0.0
2020-12-01,38.39
2020-12-01,0.0
2020-12-01,0.0
2020-12-01,0.0
2020-12-01,-33.45
2020-12-01,0.0
2020-12-01,0.0
2020-12-01,29.72
2020-12-01,13.99
2020-12-01,1073.22
2020-12-01,0.0
2020-12-01,0.0
2020-12-01,1065.6
2020-12-01,314.5
2020-12-01,7.05
2020-12-01,391.21
2020-12-01,253.44
2020-12-01,55.03
2020-12-01,307.12
2020-12-01,3.86
2020-12-01,136.0
2020-12-01,1.83
2020-12-01,63.63
2020-12-01,172.93
2020-12-01,3.48
2020-12-01,0.0
2020-12-01,-2.9
2020-12-01,22.07
2020-12-01,0.0
2020-12-01,229.89
2020-12-01,0.0
2020-12-01,0.0
2020-12-01,0.0
2020-12-01,0.0
2020-12-01,0.0
2020-12-01,364.0
2020-12-01,0.0
2020-12-01,0.0
2020-12-01,312.8
2020-12-01,446.76
2020-12-01,112.57
2020-12-01,0.0
2020-12-01,127.95
2020-12-01,20.21
2020-12-01,365.57
2020-12-01,26.21
2020-12-01,0.0
2020-12-01,0.0
